Timestamp,CurrentRPM,RotaryCurrentRPM,CurrentDirection,FeedbackRPM_Left,FeedbackRPM_Right,LeftBtn,RightBtn,ModeSwitch,DirectionBtn,RotarySwitch,SafetyPin,IsSafeStop,Mode,BatteryVoltage,Current,SOC,MaxVoltage,MaxCells,MinVoltage,MinCells,MaxTemp,MaxTempCell,MinTemp,MinTempCell,ChargeDisStatus,ChargeMOSStatus,DisMOSStatus,BMSLife,ResidualCapacity
2025-09-25 18:13:55,1118,0,1,0,0,0,0,0,0,0,0,True,0,52.6,0.0,64.0,3.294,16,3.29,9,27,1,26,4,0,0,1,1,28539
2025-09-25 18:13:55,1118,0,1,0,0,0,0,0,0,0,0,True,0,52.6,0.0,64.0,3.294,16,3.29,9,27,1,26,4,0,0,1,1,28539
2025-09-25 18:13:55,1118,0,1,0,0,0,0,0,0,0,0,True,0,52.6,0.0,64.0,3.321,16,3.317,2,27,1,27,1,0,0,1,1,28539
2025-09-25 18:13:55,1118,0,1,0,0,0,0,0,0,0,0,True,0,52.6,0.0,64.0,3.294,16,3.29,9,27,1,26,4,0,0,1,1,28539
2025-09-25 18:13:55,1118,0,1,0,0,0,0,0,0,0,0,True,0,52.6,0.0,64.0,3.294,16,3.29,9,27,1,26,4,0,0,1,1,28539
2025-09-25 18:13:56,1118,0,1,0,0,0,0,0,0,0,0,True,0,52.6,0.0,64.0,3.294,16,3.29,9,27,1,26,4,0,0,1,1,28539
2025-09-25 18:13:56,1118,0,1,0,0,0,0,0,0,0,0,True,0,53.1,-0.5,94.0,3.321,16,3.317,2,27,1,27,1,2,1,1,92,41929
2025-09-25 18:13:56,1118,0,1,0,0,0,0,0,0,0,0,True,0,53.1,-0.5,94.0,3.321,16,3.317,2,27,1,27,1,2,1,1,92,41929
2025-09-25 18:13:56,1118,0,1,0,0,0,0,0,0,0,0,True,0,53.1,-0.5,94.0,3.321,16,3.317,2,27,1,27,1,2,1,1,92,41929
2025-09-25 18:13:56,1118,0,1,0,0,0,0,0,0,0,0,True,0,53.1,-0.5,94.0,3.321,16,3.317,2,27,1,27,1,2,1,1,92,41929
2025-09-25 18:13:57,1118,0,1,0,0,0,0,0,0,0,0,True,0,53.1,-0.5,94.0,3.321,16,3.317,2,27,1,27,1,2,1,1,92,41929
2025-09-25 18:13:57,1118,0,1,0,0,0,0,0,0,0,0,True,0,53.1,-0.5,94.0,3.321,16,3.317,2,27,1,27,1,2,1,1,92,41929
2025-09-25 18:13:57,1118,0,1,0,0,0,0,0,0,0,0,True,0,53.1,-0.5,94.0,3.321,16,3.317,2,27,1,27,1,2,1,1,92,41929
2025-09-25 18:13:57,1118,0,1,0,0,0,0,0,0,0,0,True,0,53.1,-0.5,94.0,3.321,16,3.317,2,27,1,27,1,2,1,1,92,41929
2025-09-25 18:13:57,1118,0,1,0,0,0,0,0,0,0,0,True,0,52.6,0.0,64.0,3.294,16,3.29,9,27,1,26,4,0,0,1,1,28539
2025-09-25 18:13:58,1118,0,1,0,0,0,0,0,0,0,0,True,0,52.6,0.0,64.0,3.294,16,3.29,9,27,1,26,4,0,0,1,1,28539
2025-09-25 18:13:58,1118,0,1,0,0,0,0,0,0,0,0,True,0,52.6,0.0,64.0,3.294,16,3.29,9,27,1,26,4,2,1,1,92,41929
2025-09-25 18:13:58,1118,0,1,0,0,0,0,0,0,0,0,True,0,52.6,0.0,64.0,3.294,16,3.29,9,27,1,26,4,2,1,1,92,41929
2025-09-25 18:13:58,1118,0,1,0,0,0,0,0,0,0,0,True,0,53.1,-0.5,94.0,3.321,16,3.317,2,27,1,27,1,2,1,1,92,41929
2025-09-25 18:13:58,1118,0,1,0,0,0,0,0,0,0,0,True,0,53.1,-0.5,94.0,3.321,16,3.317,2,27,1,27,1,0,0,1,1,28539
2025-09-25 18:13:59,1118,0,1,0,0,0,0,0,0,0,0,True,0,53.1,-0.5,94.0,3.321,16,3.317,2,27,1,27,1,0,0,1,1,28539
2025-09-25 18:13:59,1118,0,1,0,0,0,0,0,0,0,0,True,0,53.1,-0.5,94.0,3.321,16,3.317,2,27,1,27,1,0,0,1,1,28539
2025-09-25 18:13:59,1118,0,1,0,0,0,0,0,0,0,0,True,0,53.1,-0.5,94.0,3.321,16,3.317,2,27,1,27,1,0,0,1,1,28539
2025-09-25 18:13:59,1118,0,1,0,0,0,0,0,0,0,0,True,0,53.1,-0.5,94.0,3.321,16,3.317,2,27,1,27,1,0,0,1,1,28539
2025-09-25 18:13:59,1118,0,1,0,0,0,0,0,0,0,0,True,0,53.1,-0.5,94.0,3.321,16,3.317,2,27,1,27,1,0,0,1,1,28539
2025-09-25 18:14:00,1118,0,1,0,0,0,0,0,0,0,0,True,0,53.1,-0.5,94.0,3.321,16,3.317,2,27,1,27,1,0,0,1,1,28539
2025-09-25 18:14:00,1118,0,1,0,0,0,0,0,0,0,0,True,0,53.1,-0.5,94.0,3.321,16,3.317,2,27,1,27,1,0,0,1,1,28539
2025-09-25 18:14:00,1118,0,1,0,0,0,0,0,0,0,0,True,0,53.1,-0.5,94.0,3.321,16,3.317,2,27,1,27,1,0,0,1,1,28539
2025-09-25 18:14:00,1118,0,1,0,0,0,0,0,0,0,0,True,0,53.0,-0.5,94.0,3.321,16,3.317,2,27,1,26,4,0,0,1,1,28539
2025-09-25 18:14:00,1118,0,1,0,0,0,0,0,0,0,0,True,0,53.0,-0.5,94.0,3.321,16,3.317,2,27,1,26,4,0,0,1,1,28539
2025-09-25 18:14:01,1118,0,1,0,0,0,0,0,0,0,0,True,0,53.0,-0.5,94.0,3.321,16,3.317,2,27,1,26,4,0,0,1,1,28539
2025-09-25 18:14:01,1118,0,1,0,0,0,0,0,0,0,0,True,0,53.0,-0.5,94.0,3.321,16,3.317,2,27,1,26,4,0,0,1,1,28539
2025-09-25 18:14:01,1118,0,1,0,0,0,0,0,0,0,0,True,0,53.0,-0.5,94.0,3.321,16,3.317,2,27,1,26,4,0,0,1,1,28539
2025-09-25 18:14:01,1118,0,1,0,0,0,0,0,0,0,0,True,0,53.0,-0.5,94.0,3.293,16,3.289,9,27,1,26,4,0,0,1,1,28539
2025-09-25 18:14:01,1118,0,1,0,0,0,0,0,0,0,0,True,0,53.0,-0.5,94.0,3.293,16,3.289,9,27,1,26,4,0,0,1,1,28539
2025-09-25 18:14:02,1118,0,1,0,0,0,0,0,0,0,0,True,0,53.0,-0.5,94.0,3.293,16,3.289,9,27,1,26,4,0,0,1,1,28539
2025-09-25 18:14:02,1118,0,1,0,0,0,0,0,0,0,0,True,0,53.0,-0.5,94.0,3.293,16,3.289,9,27,1,26,4,0,0,1,1,28539
2025-09-25 18:14:02,1118,0,1,0,0,0,0,0,0,0,0,True,0,53.0,-0.5,94.0,3.293,16,3.289,9,27,1,26,4,0,0,1,1,28539
2025-09-25 18:14:02,1118,0,1,0,0,0,0,0,0,0,0,True,0,53.0,-0.5,94.0,3.293,16,3.289,9,27,1,26,4,0,0,1,1,28539
2025-09-25 18:14:02,1118,0,1,0,0,0,0,0,0,0,0,True,0,53.0,-0.5,94.0,3.293,16,3.289,9,27,1,26,4,0,0,1,1,28539
2025-09-25 18:14:03,1118,0,1,0,0,0,0,0,0,0,0,True,0,53.0,-0.5,94.0,3.293,16,3.289,9,27,1,26,4,0,0,1,1,28539
2025-09-25 18:14:03,1118,0,1,0,0,0,0,0,0,0,0,True,0,53.0,-0.5,94.0,3.293,16,3.289,9,27,1,26,4,0,0,1,1,28539
2025-09-25 18:14:03,1118,0,1,0,0,0,0,0,0,0,0,True,0,53.0,-0.5,94.0,3.293,16,3.289,9,27,1,26,4,0,0,1,1,28539
2025-09-25 18:14:03,1118,0,1,0,0,0,0,0,0,0,0,True,0,53.0,-0.5,94.0,3.322,16,3.317,2,27,1,26,4,0,0,1,1,28539
2025-09-25 18:14:03,1118,0,1,0,0,0,0,0,0,0,0,True,0,53.0,-0.5,94.0,3.322,16,3.317,2,27,1,26,4,0,0,1,1,28539
2025-09-25 18:14:48,1118,0,1,0,0,0,0,1,0,0,0,True,0,53.0,-0.5,94.0,3.322,16,3.317,2,27,1,26,4,0,0,1,1,28539
2025-09-25 18:14:48,1118,0,1,0,0,0,0,1,0,0,0,True,0,53.0,-0.5,94.0,3.322,16,3.317,2,27,1,26,4,0,0,1,1,28539
2025-09-25 18:14:48,1118,0,1,0,0,0,0,1,0,0,0,True,0,53.0,-0.5,94.0,3.322,16,3.317,2,27,1,27,1,0,0,1,1,28539
2025-09-25 18:14:48,1081,0,1,0,0,0,0,1,0,0,0,True,0,53.0,-0.5,94.0,3.322,16,3.317,2,27,1,27,1,0,0,1,1,28539
2025-09-25 18:14:48,1078,0,1,0,0,0,0,1,0,0,0,True,0,53.0,-0.5,94.0,3.322,16,3.317,2,27,1,27,1,0,0,1,1,28539
2025-09-25 18:14:49,1075,0,1,0,0,0,0,1,0,0,0,True,0,53.0,-0.5,94.0,3.293,16,3.289,2,27,1,26,4,0,0,1,1,28539
2025-09-25 18:14:51,1075,0,1,0,0,0,0,1,0,0,0,True,0,53.0,-0.5,94.0,3.293,16,3.289,2,27,1,26,4,0,0,1,1,28539
2025-09-25 18:14:51,1075,0,1,0,0,0,0,1,0,0,0,True,0,53.0,-0.5,94.0,3.293,16,3.289,2,27,1,26,4,0,0,1,1,28539
2025-09-25 18:14:52,1075,0,1,0,0,0,0,1,0,0,0,True,0,53.0,-0.5,94.0,3.293,16,3.289,2,27,1,26,4,0,0,1,1,28539
2025-09-25 18:14:52,1345,0,1,0,0,0,0,1,0,0,0,True,0,53.0,-0.5,94.0,3.293,16,3.289,2,27,1,26,4,0,0,1,1,28539
2025-09-25 18:14:52,1345,0,1,0,0,0,0,1,0,0,0,True,0,53.0,-0.5,94.0,3.293,16,3.289,2,27,1,26,4,0,0,1,1,28539
2025-09-25 18:14:52,1345,0,1,0,0,0,0,1,0,0,0,True,0,53.0,-0.5,94.0,3.293,16,3.289,2,27,1,26,4,0,0,1,1,28539
2025-09-25 18:14:53,1345,0,1,0,0,0,0,1,0,0,0,True,0,53.0,-0.5,94.0,3.293,16,3.289,2,27,1,26,4,0,0,1,1,28539
2025-09-25 18:14:53,1345,0,1,0,0,0,0,1,0,0,0,True,0,53.0,-0.5,94.0,3.293,16,3.289,2,27,1,26,4,0,0,1,1,28539
2025-09-25 18:14:53,1345,0,1,0,0,0,0,1,0,0,0,True,0,53.0,-0.5,94.0,3.293,16,3.289,2,27,1,26,4,0,0,1,1,28539
2025-09-25 18:14:53,1345,0,1,0,0,0,0,1,0,0,0,True,0,53.0,-0.5,94.0,3.293,16,3.289,2,27,1,26,4,0,0,1,1,28539
2025-09-25 18:14:53,1345,0,1,0,0,0,0,1,0,0,0,True,0,53.0,-0.5,94.0,3.293,16,3.289,2,27,1,26,4,0,0,1,1,28539
2025-09-25 18:14:54,1345,0,1,0,0,0,0,1,0,0,0,True,0,53.0,-0.5,94.0,3.293,16,3.289,2,27,1,26,4,0,0,1,1,28539
2025-09-25 18:14:54,1345,0,1,0,0,0,0,1,0,0,0,True,0,53.0,-0.5,94.0,3.293,16,3.289,2,27,1,26,4,0,0,1,1,28539
2025-09-25 18:14:54,1345,0,1,0,0,0,0,1,0,0,0,True,0,53.0,-0.5,94.0,3.293,16,3.289,2,27,1,26,4,0,0,1,1,28539
2025-09-25 18:14:54,1345,0,1,0,0,0,0,1,0,0,0,True,0,53.0,-0.5,94.0,3.293,16,3.289,2,27,1,27,1,0,0,1,1,28539
2025-09-25 18:14:54,1345,0,1,0,0,0,0,1,0,0,0,True,0,53.0,-0.5,94.0,3.293,16,3.289,2,27,1,27,1,0,0,1,1,28539
2025-09-25 18:14:55,1345,0,1,0,0,0,0,1,0,0,0,True,0,53.0,-0.5,94.0,3.293,16,3.289,2,27,1,27,1,0,0,1,1,28539
2025-09-25 18:14:55,1345,0,1,0,0,0,0,1,0,0,0,True,0,53.0,-0.5,94.0,3.321,16,3.3160000000000003,2,27,1,27,1,0,0,1,1,28539
2025-09-25 18:14:55,1345,0,1,0,0,0,0,1,0,0,0,True,0,53.0,-0.5,94.0,3.321,16,3.3160000000000003,2,27,1,27,1,0,0,1,1,28539
2025-09-25 18:14:55,1345,0,1,0,0,0,0,1,0,0,0,True,0,53.0,-0.5,94.0,3.321,16,3.3160000000000003,2,27,1,27,1,0,0,1,1,28539
2025-09-25 18:14:55,1345,0,1,0,0,0,0,1,0,0,0,True,0,53.0,-0.5,94.0,3.321,16,3.3160000000000003,2,27,1,27,1,0,0,1,1,28539
2025-09-25 18:14:56,1345,0,1,0,0,0,0,1,0,0,0,True,0,53.0,-0.5,94.0,3.293,16,3.29,9,27,1,27,1,0,0,1,1,28539
2025-09-25 18:14:56,1345,0,1,0,0,0,0,1,0,0,0,True,0,53.0,-0.5,94.0,3.293,16,3.29,9,27,1,27,1,0,0,1,1,28539
2025-09-25 18:14:56,1086,0,1,0,0,0,0,1,0,0,0,True,0,53.0,-0.5,94.0,3.293,16,3.29,9,27,1,27,1,0,0,1,1,28539
2025-09-25 18:14:56,414,0,1,0,0,0,0,1,0,0,0,True,0,53.0,-0.5,94.0,3.293,16,3.29,9,27,1,27,1,0,0,1,1,28539
2025-09-25 18:14:56,311,0,1,0,0,0,0,1,0,0,0,True,0,53.0,-0.5,94.0,3.293,16,3.29,9,27,1,27,1,0,0,1,1,28539
2025-09-25 18:14:57,311,0,1,0,0,0,0,1,0,0,0,True,0,53.0,-0.5,94.0,3.293,16,3.29,9,27,1,27,1,0,0,1,1,28539
2025-09-25 18:14:57,353,0,1,0,0,0,0,1,0,0,0,True,0,53.0,-0.5,94.0,3.293,16,3.29,9,27,1,27,1,0,0,1,1,28539
2025-09-25 18:14:57,741,0,1,0,0,0,0,1,0,0,0,True,0,53.0,-0.5,94.0,3.293,16,3.29,9,27,1,27,1,0,0,1,1,28539
2025-09-25 18:14:57,1345,0,1,0,0,0,0,1,0,0,0,True,0,53.0,-0.5,94.0,3.293,16,3.29,9,27,1,27,1,0,0,1,1,28539
2025-09-25 18:14:57,1345,0,1,0,0,0,0,1,0,0,0,True,0,53.0,-0.4,94.0,3.293,16,3.29,9,27,1,27,1,0,0,1,1,28539
2025-09-25 18:14:58,1345,0,1,0,0,0,0,1,0,0,0,True,0,53.0,-1.9000000000000001,94.0,3.293,16,3.29,9,27,1,27,1,0,0,1,1,28539
2025-09-25 18:14:58,1345,0,1,0,0,0,0,1,0,0,0,True,0,53.0,-1.9000000000000001,94.0,3.293,16,3.29,9,27,1,27,1,0,0,1,1,28539
2025-09-25 18:14:58,1345,0,1,0,0,0,0,1,0,0,0,True,0,52.6,0.0,64.0,3.293,16,3.29,9,27,1,27,1,0,0,1,1,28539
2025-09-25 18:14:58,1345,0,1,0,0,0,0,1,0,0,0,True,0,52.6,0.0,64.0,3.293,16,3.29,9,27,1,27,1,0,0,1,1,28539
2025-09-25 18:14:58,1345,0,1,0,0,0,0,1,0,0,0,True,0,52.6,0.0,64.0,3.293,16,3.29,9,27,1,27,1,0,0,1,1,28539
2025-09-25 18:14:59,1345,0,1,0,0,0,0,1,0,0,0,True,0,52.6,0.0,64.0,3.293,16,3.29,9,27,1,27,1,0,0,1,1,28539
2025-09-25 18:14:59,1345,0,1,0,0,0,0,1,0,0,0,True,0,52.6,0.0,64.0,3.293,16,3.29,9,27,1,27,1,0,0,1,1,28539
2025-09-25 18:14:59,1345,0,1,0,0,0,0,1,0,0,0,True,0,52.6,0.0,64.0,3.293,16,3.29,9,27,1,27,1,0,0,1,1,28539
2025-09-25 18:14:59,1345,0,1,0,0,0,0,1,0,0,0,True,0,52.6,0.0,64.0,3.293,16,3.29,9,27,1,27,1,0,0,1,1,28539
2025-09-25 18:14:59,1345,0,1,0,0,0,0,1,0,0,0,True,0,52.6,0.0,64.0,3.293,16,3.29,9,27,1,27,1,0,0,1,1,28539
2025-09-25 18:15:00,1345,0,1,0,0,0,0,1,0,0,0,True,0,52.6,0.0,64.0,3.293,16,3.29,9,27,1,27,1,0,0,1,1,28539
2025-09-25 18:15:00,1345,0,1,0,0,0,0,1,0,0,0,True,0,52.6,0.0,64.0,3.293,16,3.29,9,27,1,27,1,2,1,1,92,41923
2025-09-25 18:15:00,1345,0,1,0,0,0,0,1,0,0,0,True,0,52.6,0.0,64.0,3.293,16,3.29,9,27,1,27,1,2,1,1,92,41923
2025-09-25 18:15:01,1345,0,1,0,0,0,0,1,0,0,0,True,0,52.6,0.0,64.0,3.293,16,3.29,9,27,1,27,1,2,1,1,92,41923
2025-09-25 18:15:01,1345,0,1,0,0,0,0,1,0,0,0,True,0,52.6,0.0,64.0,3.293,16,3.29,9,27,1,27,1,2,1,1,92,41923
2025-09-25 18:15:01,1345,0,1,0,0,0,0,1,0,0,0,True,0,52.6,0.0,64.0,3.293,16,3.29,9,27,1,27,1,2,1,1,92,41923
2025-09-25 18:15:01,1345,0,1,0,0,0,0,1,0,0,0,True,0,52.6,0.0,64.0,3.293,16,3.29,9,27,1,27,1,2,1,1,92,41923
2025-09-25 18:15:01,1098,0,1,0,0,0,0,1,0,0,0,True,0,52.6,0.0,64.0,3.293,16,3.29,9,27,1,27,1,2,1,1,92,41923
2025-09-25 18:15:02,654,0,1,0,0,0,0,1,0,0,0,True,0,52.6,0.0,64.0,3.293,16,3.29,9,27,1,27,1,0,0,1,1,28539
2025-09-25 18:15:02,818,0,1,0,0,0,0,1,0,0,0,True,0,52.6,0.0,64.0,3.293,16,3.29,9,27,1,27,1,0,0,1,1,28539
2025-09-25 18:15:02,1345,0,1,0,0,0,0,1,0,0,0,True,0,52.6,0.0,64.0,3.293,16,3.29,9,27,1,27,1,0,0,1,1,28539
2025-09-25 18:15:02,1345,0,1,0,0,0,0,1,0,0,0,True,0,52.6,0.0,64.0,3.293,16,3.29,9,27,1,27,1,0,0,1,1,28539
2025-09-25 18:15:02,1345,0,1,0,0,0,0,1,0,0,0,True,0,52.6,0.0,64.0,3.293,16,3.29,9,27,1,27,1,0,0,1,1,28539
2025-09-25 18:15:03,1345,0,1,0,0,0,0,1,0,0,0,True,0,52.6,0.0,64.0,3.293,16,3.29,9,27,1,27,1,0,0,1,1,28539
2025-09-25 18:15:03,1345,0,1,0,0,0,0,1,0,0,0,True,0,52.6,0.0,64.0,3.293,16,3.29,9,27,1,27,1,2,1,1,92,41919
2025-09-25 18:15:03,1345,0,1,0,0,0,0,1,0,0,0,True,0,52.6,0.0,64.0,3.293,16,3.29,9,27,1,27,1,2,1,1,92,41919
2025-09-25 18:15:03,1345,0,1,0,0,0,0,0,0,0,0,True,0,52.6,0.0,64.0,3.293,16,3.29,9,27,1,27,1,2,1,1,92,41919
2025-09-25 18:15:03,1345,0,1,0,0,0,0,0,0,0,0,True,0,52.6,0.0,64.0,3.293,16,3.29,9,27,1,27,1,2,1,1,92,41919
2025-09-25 18:15:04,1345,0,1,0,0,0,0,0,0,0,0,True,0,52.6,0.0,64.0,3.293,16,3.29,9,27,1,27,1,2,1,1,92,41919
2025-09-25 18:15:04,1345,0,1,0,0,0,0,0,0,0,0,True,0,52.6,0.0,64.0,3.293,16,3.29,9,27,1,27,1,2,1,1,92,41919
2025-09-25 18:15:04,1345,0,1,0,0,0,0,0,0,0,0,True,0,52.6,0.0,64.0,3.293,16,3.29,9,27,1,27,1,2,1,1,92,41919
2025-09-25 18:15:04,1345,0,1,0,0,0,0,0,0,0,0,True,0,52.6,0.0,64.0,3.293,16,3.29,9,27,1,27,1,2,1,1,92,41919
2025-09-25 18:15:04,1345,0,1,0,0,0,0,0,0,0,0,True,0,52.6,0.0,64.0,3.293,16,3.29,9,27,1,27,1,2,1,1,92,41919
2025-09-25 18:15:05,1345,0,1,0,0,0,0,0,0,0,0,True,0,52.6,0.0,64.0,3.293,16,3.29,9,27,1,27,1,2,1,1,92,41919
2025-09-25 18:15:05,1345,0,1,0,0,0,0,0,0,0,0,True,0,52.6,0.0,64.0,3.293,16,3.29,9,27,1,27,1,2,1,1,92,41919
2025-09-25 18:15:05,1345,0,1,0,0,0,0,0,0,0,0,True,0,52.6,0.0,64.0,3.293,16,3.29,9,27,1,27,1,2,1,1,92,41919
2025-09-25 18:15:05,1345,0,1,0,0,0,0,0,0,0,0,True,0,52.6,0.0,64.0,3.293,16,3.29,9,27,1,27,1,2,1,1,92,41919
2025-09-25 18:15:05,1345,0,1,0,0,0,0,0,0,0,0,True,0,52.6,0.0,64.0,3.293,16,3.29,9,27,1,27,1,2,1,1,92,41919
2025-09-25 18:15:06,1345,0,1,0,0,0,0,1,0,0,0,True,0,52.6,0.0,64.0,3.293,16,3.29,9,27,1,27,1,2,1,1,92,41919
2025-09-25 18:15:06,1345,0,1,0,0,0,0,1,0,0,0,True,0,52.6,0.0,64.0,3.293,16,3.29,9,27,1,27,1,2,1,1,92,41919
2025-09-25 18:15:06,1345,0,1,0,0,0,0,1,0,0,0,True,0,52.800000000000004,-5.7,94.0,3.3080000000000003,1,3.298,3,27,1,27,1,2,1,1,92,41919
2025-09-25 18:15:06,1345,0,1,0,0,0,0,1,0,0,0,True,0,52.800000000000004,-5.7,94.0,3.3080000000000003,1,3.298,3,27,1,27,1,2,1,1,92,41919
2025-09-25 18:15:06,1345,0,1,0,0,0,0,1,0,0,0,True,0,52.800000000000004,-5.7,94.0,3.3080000000000003,1,3.298,3,27,1,27,1,2,1,1,92,41919
2025-09-25 18:15:07,1345,0,1,0,0,0,0,1,0,0,0,True,0,52.800000000000004,-5.7,94.0,3.3080000000000003,1,3.298,3,27,1,27,1,2,1,1,92,41919
2025-09-25 18:15:07,1345,0,1,0,0,0,0,1,0,0,0,True,0,52.800000000000004,-5.7,94.0,3.3080000000000003,1,3.298,3,27,1,27,1,2,1,1,92,41919
2025-09-25 18:15:07,1345,0,1,0,0,0,0,1,0,0,0,True,0,52.800000000000004,-5.7,94.0,3.3080000000000003,1,3.298,3,27,1,26,4,2,1,1,92,41919
2025-09-25 18:15:07,1345,0,1,0,0,0,0,1,0,0,0,True,0,52.800000000000004,-5.7,94.0,3.3080000000000003,1,3.298,3,27,1,26,4,2,1,1,92,41919
2025-09-25 18:15:07,1345,0,1,0,0,0,0,1,0,0,0,True,0,52.800000000000004,-5.7,94.0,3.3080000000000003,1,3.298,3,27,1,26,4,2,1,1,92,41919
2025-09-25 18:15:08,1345,0,1,0,0,0,0,1,0,0,0,True,0,52.800000000000004,-5.7,94.0,3.3080000000000003,1,3.298,3,27,1,26,4,0,0,1,1,28539
2025-09-25 18:15:08,1345,0,1,0,0,0,0,0,0,0,0,True,0,52.800000000000004,-5.7,94.0,3.3080000000000003,1,3.298,3,27,1,26,4,0,0,1,1,28539
2025-09-25 18:15:08,1345,0,1,0,0,0,0,0,0,0,0,True,0,52.800000000000004,-5.7,94.0,3.3080000000000003,1,3.298,3,27,1,26,4,0,0,1,1,28539
2025-09-25 18:15:08,1345,0,1,0,0,0,0,0,0,0,0,True,0,52.800000000000004,-5.7,94.0,3.3080000000000003,1,3.298,3,27,1,26,4,0,0,1,1,28539
2025-09-25 18:15:08,1345,0,1,0,0,0,0,0,0,0,0,True,0,52.800000000000004,-5.7,94.0,3.3080000000000003,1,3.298,3,27,1,26,4,0,0,1,1,28539
2025-09-25 18:15:09,1345,0,1,0,0,0,0,0,0,0,0,True,0,52.800000000000004,-5.7,94.0,3.3080000000000003,1,3.298,3,27,1,26,4,0,0,1,1,28539
2025-09-25 18:15:09,1345,0,1,0,0,0,0,0,0,0,0,True,0,52.800000000000004,-5.7,94.0,3.3080000000000003,1,3.298,3,27,1,26,4,0,0,1,1,28539
2025-09-25 18:15:09,1345,0,1,0,0,0,0,0,0,0,0,True,0,52.800000000000004,-5.7,94.0,3.3080000000000003,1,3.298,3,27,1,27,1,0,0,1,1,28539
2025-09-25 18:15:09,1345,0,1,0,0,0,0,0,0,0,0,True,0,52.800000000000004,-5.7,94.0,3.3080000000000003,1,3.298,3,27,1,27,1,0,0,1,1,28539
2025-09-25 18:15:09,1345,0,1,0,0,0,0,0,0,0,0,True,0,52.800000000000004,-5.7,94.0,3.3080000000000003,1,3.298,3,27,2,26,1,0,0,1,1,28539
2025-09-25 18:15:10,1345,0,1,0,0,0,0,0,0,0,0,True,0,52.800000000000004,-5.7,94.0,3.3080000000000003,1,3.298,3,27,2,26,1,0,0,1,1,28539
2025-09-25 18:15:10,1345,0,1,0,0,0,0,0,0,0,0,True,0,52.800000000000004,-5.7,94.0,3.3080000000000003,1,3.298,3,27,2,26,1,0,0,1,1,28539
2025-09-25 18:15:10,1345,0,1,0,0,0,0,0,0,0,0,True,0,52.800000000000004,-5.7,94.0,3.3080000000000003,1,3.298,3,27,2,26,1,0,0,1,1,28539
2025-09-25 18:15:10,1345,0,1,0,0,0,0,0,0,0,0,True,0,52.800000000000004,-5.7,94.0,3.3080000000000003,1,3.298,3,27,1,27,1,0,0,1,1,28539
2025-09-25 18:15:10,1345,0,1,0,0,0,0,0,0,0,0,True,0,52.800000000000004,-5.7,94.0,3.3080000000000003,1,3.298,3,27,1,27,1,0,0,1,1,28539
2025-09-25 18:15:11,1345,0,1,0,0,0,0,1,0,0,0,True,0,52.800000000000004,-5.7,94.0,3.3080000000000003,1,3.298,3,27,1,27,1,0,0,1,1,28539
2025-09-25 18:15:11,1345,0,1,0,0,0,0,1,0,0,0,True,0,52.800000000000004,-5.7,94.0,3.3080000000000003,1,3.298,3,27,2,26,1,0,0,1,1,28539
2025-09-25 18:15:11,1345,0,1,0,0,0,0,1,0,0,0,True,0,52.800000000000004,-5.7,94.0,3.3080000000000003,1,3.298,3,27,2,26,1,0,0,1,1,28539
2025-09-25 18:15:11,1345,0,1,0,0,0,0,1,0,0,0,True,0,52.800000000000004,-5.7,94.0,3.3080000000000003,1,3.298,3,27,2,26,1,0,0,1,1,28539
2025-09-25 18:15:11,1345,0,1,0,0,0,0,1,0,0,0,True,0,52.800000000000004,-5.7,94.0,3.3080000000000003,1,3.298,3,27,2,26,1,0,0,1,1,28539
2025-09-25 18:15:12,1345,0,1,0,0,0,0,1,0,0,0,True,0,52.800000000000004,-5.7,94.0,3.3080000000000003,1,3.298,3,27,1,27,1,0,0,1,1,28539
2025-09-25 18:15:12,1345,0,1,0,0,0,0,1,0,0,0,True,0,52.800000000000004,-5.7,94.0,3.3080000000000003,1,3.298,3,27,1,27,1,0,0,1,1,28539
2025-09-25 18:15:12,1345,0,1,0,0,0,0,1,0,0,0,True,0,52.800000000000004,-5.7,94.0,3.3080000000000003,1,3.298,3,27,1,27,1,0,0,1,1,28539
2025-09-25 18:15:12,1345,0,1,0,0,0,0,1,0,0,0,True,0,52.800000000000004,-5.7,94.0,3.3080000000000003,1,3.298,3,27,1,26,4,0,0,1,1,28539
2025-09-25 18:15:12,1345,0,1,0,0,0,0,1,0,0,0,True,0,52.800000000000004,-5.7,94.0,3.3080000000000003,1,3.298,3,27,1,26,4,0,0,1,1,28539
2025-09-25 18:15:13,1345,0,1,0,0,0,0,1,0,0,0,True,0,52.800000000000004,-5.7,94.0,3.3080000000000003,1,3.298,3,27,1,26,4,0,0,1,1,28539
2025-09-25 18:15:13,1345,0,1,0,0,0,0,1,0,0,0,True,0,52.800000000000004,-5.7,94.0,3.3080000000000003,1,3.298,3,27,1,26,4,0,0,1,1,28539
2025-09-25 18:15:13,1345,0,1,0,0,0,0,1,0,0,0,True,0,52.6,0.0,64.0,3.3080000000000003,1,3.298,3,27,1,26,4,0,0,1,1,28539
2025-09-25 18:15:13,1345,0,1,0,0,0,0,1,0,0,0,True,0,52.6,0.0,64.0,3.3080000000000003,1,3.298,3,27,1,26,4,0,0,1,1,28539
2025-09-25 18:15:13,1345,0,1,0,0,0,0,1,0,0,0,True,0,52.6,0.0,64.0,3.3080000000000003,1,3.298,3,27,1,26,4,0,0,1,1,28539
2025-09-25 18:15:14,1345,0,1,0,0,0,0,1,0,0,0,True,0,52.6,0.0,64.0,3.3080000000000003,1,3.298,3,27,1,26,4,0,0,1,1,28539
2025-09-25 18:15:14,1345,0,1,0,0,0,0,1,0,0,0,True,0,52.6,0.0,64.0,3.3080000000000003,1,3.298,3,27,1,27,1,0,0,1,1,28539
2025-09-25 18:15:14,1345,0,1,0,0,0,0,1,0,0,0,True,0,52.6,0.0,64.0,3.3080000000000003,1,3.298,3,27,1,27,1,0,0,1,1,28539
2025-09-25 18:15:14,1345,0,1,0,0,0,0,1,0,0,0,True,0,52.6,0.0,64.0,3.294,16,3.289,9,27,1,27,1,0,0,1,1,28539
2025-09-25 18:15:14,1345,0,1,0,0,0,0,1,0,0,0,True,0,52.6,0.0,64.0,3.294,16,3.289,9,27,1,27,1,0,0,1,1,28539
2025-09-25 18:15:15,1345,0,1,0,0,0,0,1,0,0,0,True,0,52.6,0.0,64.0,3.294,16,3.289,9,27,1,27,1,0,0,1,1,28539
2025-09-25 18:15:15,1345,0,1,0,0,0,0,1,0,0,0,True,0,52.6,0.0,64.0,3.294,16,3.289,9,27,1,27,1,0,0,1,1,28539
2025-09-25 18:15:15,1345,0,1,0,0,0,0,1,0,0,0,True,0,52.6,0.0,64.0,3.294,16,3.289,9,27,1,27,1,0,0,1,1,28539
2025-09-25 18:15:15,1345,0,1,0,0,0,0,1,0,0,0,True,0,52.6,0.0,64.0,3.294,16,3.289,9,27,1,27,1,0,0,1,1,28539
2025-09-25 18:15:15,1345,0,1,0,0,0,0,1,0,0,0,True,0,52.6,0.0,64.0,3.294,16,3.289,9,27,1,27,1,0,0,1,1,28539
2025-09-25 18:15:16,1345,0,1,0,0,0,0,1,0,0,0,True,0,52.6,0.0,64.0,3.294,16,3.289,9,27,1,27,1,0,0,1,1,28539
2025-09-25 18:15:16,1345,0,1,0,0,0,0,1,0,0,0,True,0,52.6,0.0,64.0,3.294,16,3.289,9,27,1,27,1,0,0,1,1,28539
2025-09-25 18:15:16,1345,0,1,0,0,0,0,1,0,0,0,True,0,52.6,0.0,64.0,3.294,16,3.289,9,27,1,27,1,0,0,1,1,28539
2025-09-25 18:15:16,1345,0,1,0,0,0,0,1,0,0,0,True,0,52.6,0.0,64.0,3.294,16,3.289,9,27,1,27,1,2,1,1,92,41907
2025-09-25 18:15:16,1345,0,1,0,0,0,0,1,0,0,0,True,0,52.6,0.0,64.0,3.294,16,3.289,9,27,1,27,1,2,1,1,92,41907
2025-09-25 18:15:17,1345,0,1,0,0,0,0,1,0,0,0,True,0,52.6,0.0,64.0,3.294,16,3.289,9,27,1,27,1,2,1,1,92,41907
2025-09-25 18:15:17,1345,0,1,0,0,0,0,1,0,0,0,True,0,52.6,0.0,64.0,3.294,16,3.289,9,27,1,27,1,2,1,1,92,41907
2025-09-25 18:15:17,1345,0,1,0,0,0,0,1,0,0,0,True,0,52.6,0.0,64.0,3.294,16,3.289,9,27,1,27,1,0,0,1,1,28539
2025-09-25 18:15:17,1345,0,1,0,0,0,0,1,0,0,0,True,0,52.6,0.0,64.0,3.294,16,3.289,9,27,1,27,1,0,0,1,1,28539
2025-09-25 18:15:17,1345,0,1,0,0,0,0,1,0,0,0,True,0,52.6,0.0,64.0,3.294,16,3.289,9,27,1,27,1,0,0,1,1,28539
2025-09-25 18:15:18,1345,0,1,0,0,0,0,1,0,0,0,True,0,52.6,0.0,64.0,3.294,16,3.289,9,27,1,27,1,0,0,1,1,28539
2025-09-25 18:15:18,1345,0,1,0,0,0,0,1,0,0,0,True,0,52.6,0.0,64.0,3.294,16,3.289,9,27,1,27,1,0,0,1,1,28539
2025-09-25 18:15:18,1345,0,1,0,0,0,0,1,0,0,0,True,0,52.6,0.0,64.0,3.294,16,3.289,9,27,1,26,4,0,0,1,1,28539
2025-09-25 18:15:18,1345,0,1,0,0,0,0,1,0,0,0,True,0,52.6,0.0,64.0,3.294,16,3.289,9,27,1,26,4,0,0,1,1,28539
2025-09-25 18:15:18,1345,0,1,0,0,0,0,1,0,0,0,True,0,52.6,0.0,64.0,3.294,16,3.289,9,27,1,26,4,0,0,1,1,28539
2025-09-25 18:15:19,1345,0,1,0,0,0,0,1,0,0,0,True,0,52.6,0.0,64.0,3.294,16,3.289,9,27,1,26,4,0,0,1,1,28539
2025-09-25 18:15:19,1345,0,1,0,0,0,0,1,0,0,0,True,0,52.6,0.0,64.0,3.294,16,3.289,9,27,1,26,4,0,0,1,1,28539
2025-09-25 18:15:19,1345,0,1,0,0,0,0,1,0,0,0,True,0,52.800000000000004,-5.9,94.0,3.294,16,3.289,9,27,1,26,4,0,0,1,1,28539
2025-09-25 18:15:19,1345,0,1,0,0,0,0,1,0,0,0,True,0,52.800000000000004,-5.9,94.0,3.294,16,3.289,9,27,1,26,4,0,0,1,1,28539
2025-09-25 18:15:19,1345,0,1,0,0,0,0,1,0,0,0,True,0,52.800000000000004,-5.9,94.0,3.294,16,3.289,9,27,1,26,4,0,0,1,1,28539
2025-09-25 18:15:20,1345,0,1,0,0,0,0,1,0,0,0,True,0,52.6,0.0,64.0,3.294,16,3.289,9,27,1,26,4,0,0,1,1,28539
2025-09-25 18:15:20,1345,0,1,0,0,0,0,1,0,0,0,True,0,52.6,0.0,64.0,3.294,16,3.289,9,27,1,26,4,0,0,1,1,28539
2025-09-25 18:15:20,1345,0,1,0,0,0,0,1,0,0,0,True,0,52.6,0.0,64.0,3.294,16,3.289,9,27,1,26,4,0,0,1,1,28539
2025-09-25 18:15:20,1345,0,1,0,0,0,0,1,0,0,0,True,0,52.6,0.0,64.0,3.293,16,3.289,7,27,1,27,1,0,0,1,1,28539
2025-09-25 18:15:20,1345,0,1,0,0,0,0,1,0,0,0,True,0,52.6,0.0,64.0,3.293,16,3.289,7,27,1,27,1,2,1,1,92,41900
2025-09-25 18:15:21,1345,0,1,0,0,0,0,1,0,0,0,True,0,52.6,0.0,64.0,3.311,9,3.29,8,27,1,27,1,2,1,1,92,41900
2025-09-25 18:15:21,1345,0,1,0,0,0,0,1,0,0,0,True,0,52.6,0.0,64.0,3.311,9,3.29,8,27,1,27,1,2,1,1,92,41900
2025-09-25 18:15:21,1345,0,1,0,0,0,0,1,0,0,0,True,0,52.6,0.0,64.0,3.311,11,3.293,14,27,1,27,1,2,1,1,92,41900
2025-09-25 18:15:21,1345,0,1,0,0,0,0,1,0,0,0,True,0,52.6,0.0,64.0,3.311,11,3.293,14,27,1,27,1,2,1,1,92,41900
2025-09-25 18:15:21,1345,0,1,0,0,0,0,1,0,1,1,True,0,52.6,0.0,64.0,3.311,11,3.293,14,27,1,27,1,2,1,1,92,41900
2025-09-25 18:15:22,1345,0,1,0,0,0,0,1,0,1,1,True,0,52.800000000000004,-5.6000000000000005,94.0,3.311,11,3.293,14,27,2,26,1,2,1,1,92,41900
2025-09-25 18:15:22,1345,0,1,0,0,0,0,1,0,1,1,True,0,52.800000000000004,-5.6000000000000005,94.0,3.311,11,3.293,14,27,2,26,1,2,1,1,92,41899
2025-09-25 18:15:22,1345,0,1,0,0,0,0,1,0,1,1,True,0,52.800000000000004,-5.6000000000000005,94.0,3.311,11,3.293,14,27,2,26,1,2,1,1,92,41899
2025-09-25 18:15:22,1345,0,1,0,0,0,0,1,0,1,1,True,0,52.800000000000004,-5.6000000000000005,94.0,3.311,11,3.293,14,27,1,26,4,2,1,1,92,41899
2025-09-25 18:15:22,1345,0,1,0,0,0,0,1,0,1,1,True,0,52.800000000000004,-5.6000000000000005,94.0,3.311,11,3.293,14,27,1,26,4,2,1,1,92,41899
2025-09-25 18:15:23,1345,0,1,0,0,0,0,1,0,1,1,True,0,52.800000000000004,-5.6000000000000005,94.0,3.311,11,3.293,14,27,1,26,4,2,1,1,92,41899
2025-09-25 18:15:23,1345,239,1,0,0,0,0,1,0,1,1,True,0,52.800000000000004,-5.6000000000000005,94.0,3.311,11,3.293,14,27,1,26,4,2,1,1,92,41899
2025-09-25 18:15:23,1345,467,1,0,0,0,0,1,0,1,1,True,0,52.6,0.0,64.0,3.311,11,3.293,14,27,1,26,4,2,1,1,92,41899
2025-09-25 18:15:23,1345,519,1,0,0,0,0,1,0,1,1,True,0,52.6,0.0,64.0,3.311,11,3.293,14,27,1,26,4,2,1,1,92,41899
2025-09-25 18:15:23,1345,564,1,0,0,0,0,1,0,1,1,True,0,52.6,0.0,64.0,3.311,11,3.293,14,27,1,27,1,2,1,1,92,41899
2025-09-25 18:15:24,1345,599,1,0,0,0,0,1,0,1,1,True,0,52.6,0.0,64.0,3.311,11,3.293,14,27,1,27,1,0,0,1,1,28539
2025-09-25 18:15:24,1345,625,1,0,0,0,0,1,0,1,1,True,0,52.6,0.0,64.0,3.311,11,3.293,14,27,1,27,1,0,0,1,1,28539
2025-09-25 18:15:24,1345,663,1,0,0,0,0,1,0,1,1,True,0,52.6,0.0,64.0,3.311,11,3.293,14,27,2,26,1,0,0,1,1,28539
2025-09-25 18:15:24,1345,737,1,0,0,0,0,1,0,1,1,True,0,52.6,0.0,64.0,3.311,11,3.293,14,27,2,26,1,0,0,1,1,28539
2025-09-25 18:15:24,1345,803,1,0,0,0,0,1,0,1,1,True,0,52.6,0.0,64.0,3.311,11,3.293,14,27,2,26,1,0,0,1,1,28539
2025-09-25 18:15:25,1345,870,1,0,0,0,0,1,0,1,1,True,0,52.6,0.0,64.0,3.311,11,3.293,14,27,2,26,1,0,0,1,1,28539
2025-09-25 18:15:25,1345,957,1,0,0,0,0,1,0,1,1,True,0,52.6,0.0,64.0,3.311,11,3.293,14,27,2,26,1,0,0,1,1,28539
2025-09-25 18:15:25,1345,1027,1,0,0,0,0,1,0,1,1,True,0,52.6,0.0,64.0,3.311,11,3.293,14,27,2,26,1,0,0,1,1,28539
2025-09-25 18:15:25,1345,1160,1,0,0,0,0,1,0,1,1,True,0,52.6,0.0,64.0,3.311,11,3.293,14,27,2,26,1,0,0,1,1,28539
2025-09-25 18:15:25,1345,1261,1,0,0,0,0,1,0,1,1,True,0,52.6,0.0,64.0,3.311,11,3.293,14,27,2,26,1,0,0,1,1,28539
2025-09-25 18:15:26,1345,1269,1,0,0,0,0,1,0,1,1,True,0,52.6,0.0,64.0,3.311,11,3.293,14,27,2,26,1,0,0,1,1,28539
2025-09-25 18:15:26,1345,1269,1,0,0,0,0,1,0,1,1,True,0,52.6,0.0,64.0,3.311,11,3.293,14,27,2,26,1,0,0,1,1,28539
2025-09-25 18:15:26,1345,1268,1,0,0,0,0,1,0,1,1,True,0,52.6,0.0,64.0,3.311,11,3.293,14,27,2,26,1,0,0,1,1,28539
2025-09-25 18:15:26,1345,1266,1,0,0,0,0,1,0,1,1,True,0,52.6,0.0,64.0,3.311,11,3.293,14,27,2,26,1,0,0,1,1,28539
2025-09-25 18:15:26,1345,1269,1,0,0,0,0,1,0,1,1,True,0,52.6,0.0,64.0,3.311,11,3.293,14,27,2,26,1,0,0,1,1,28539
2025-09-25 18:15:27,1345,1270,1,0,0,0,0,1,0,1,1,True,0,52.800000000000004,-5.5,94.0,3.311,11,3.293,14,27,2,26,1,0,0,1,1,28539
2025-09-25 18:15:27,1345,1267,1,0,0,0,0,1,0,1,1,True,0,52.800000000000004,-5.5,94.0,3.311,11,3.293,14,27,1,27,1,0,0,1,1,28539
2025-09-25 18:15:27,1345,1268,1,0,0,0,0,1,0,1,1,True,0,52.800000000000004,-5.5,94.0,3.311,11,3.293,14,27,1,27,1,0,0,1,1,28539
2025-09-25 18:15:27,1345,1264,1,0,0,0,0,1,0,1,1,True,0,52.800000000000004,-5.5,94.0,3.311,11,3.293,14,27,1,27,1,0,0,1,1,28539
2025-09-25 18:15:27,1345,1267,1,0,0,0,0,1,0,1,1,True,0,52.800000000000004,-5.5,94.0,3.311,11,3.293,14,27,1,27,1,0,0,1,1,28539
2025-09-25 18:15:28,1345,1266,1,0,0,0,0,1,0,1,1,True,0,52.800000000000004,-5.5,94.0,3.311,11,3.293,14,27,1,27,1,0,0,1,1,28539
2025-09-25 18:15:28,1345,1266,1,0,0,0,0,1,0,1,1,True,0,52.800000000000004,-5.5,94.0,3.311,11,3.293,14,27,1,27,1,0,0,1,1,28539
2025-09-25 18:15:28,1345,1265,1,0,0,0,0,1,0,1,1,True,0,52.6,0.0,64.0,3.311,11,3.293,14,27,1,27,1,0,0,1,1,28539
2025-09-25 18:15:28,1345,1269,1,0,0,0,0,1,0,1,1,True,0,52.6,0.0,64.0,3.311,11,3.293,14,27,1,27,1,0,0,1,1,28539
2025-09-25 18:15:28,1345,1268,1,0,0,0,0,1,0,1,1,True,0,52.6,0.0,64.0,3.311,11,3.293,14,27,1,27,1,2,1,1,92,41889
2025-09-25 18:15:29,1345,1295,1,0,0,0,0,0,0,1,1,True,0,52.6,0.0,64.0,3.311,11,3.293,14,27,1,27,1,2,1,1,92,41889
2025-09-25 18:15:29,1345,1295,1,0,0,0,0,0,0,1,1,True,0,52.6,0.0,64.0,3.311,11,3.293,14,27,1,27,1,2,1,1,92,41889
2025-09-25 18:15:29,1345,1295,1,0,0,0,0,0,0,1,1,True,0,52.6,0.0,64.0,3.311,11,3.293,14,27,2,26,1,2,1,1,92,41889
2025-09-25 18:15:29,1345,1295,1,0,0,0,0,0,0,1,1,True,0,52.6,0.0,64.0,3.311,11,3.293,14,27,2,26,1,2,1,1,92,41889
2025-09-25 18:15:29,1345,1295,1,0,0,0,0,0,0,1,1,True,0,52.6,0.0,64.0,3.311,11,3.293,14,27,2,26,1,2,1,1,92,41889
2025-09-25 18:15:30,1345,1295,1,0,0,0,0,0,0,1,1,True,0,52.6,0.0,64.0,3.311,11,3.293,14,27,2,26,1,0,0,1,1,28539
2025-09-25 18:15:30,1345,1295,1,0,0,0,0,0,0,1,1,True,0,52.6,0.0,64.0,3.311,11,3.293,14,27,2,26,1,0,0,1,1,28539
2025-09-25 18:15:30,1345,1295,1,0,0,0,0,0,0,1,1,True,0,52.6,0.0,64.0,3.311,11,3.293,14,27,2,26,1,0,0,1,1,28539
2025-09-25 18:15:30,1345,1295,1,0,0,0,0,0,0,1,1,True,0,52.6,0.0,64.0,3.311,11,3.293,14,27,2,26,1,0,0,1,1,28539
2025-09-25 18:15:30,1345,1295,1,0,0,0,0,0,0,1,1,True,0,52.6,0.0,64.0,3.311,11,3.293,14,27,2,26,1,0,0,1,1,28539
2025-09-25 18:15:31,1345,1295,1,0,0,0,0,0,0,1,1,True,0,52.6,-8.0,94.0,3.311,11,3.293,14,27,2,26,1,0,0,1,1,28539
2025-09-25 18:15:31,1345,1295,1,0,0,0,0,0,0,1,1,True,0,52.6,-8.0,94.0,3.311,11,3.293,14,27,1,26,4,0,0,1,1,28539
2025-09-25 18:15:31,1345,1295,1,0,0,0,0,0,0,1,1,True,0,52.6,0.0,64.0,3.311,11,3.293,14,27,1,26,4,0,0,1,1,28539
2025-09-25 18:15:31,1345,1295,1,0,0,0,0,0,0,1,1,True,0,52.6,0.0,64.0,3.311,11,3.293,14,27,1,26,4,0,0,1,1,28539
2025-09-25 18:15:31,1345,1295,1,0,0,0,0,0,0,1,1,True,0,52.6,0.0,64.0,3.311,11,3.293,14,27,1,27,1,0,0,1,1,28539
2025-09-25 18:15:32,1345,1295,1,0,0,0,0,0,0,1,1,True,0,52.6,0.0,64.0,3.311,11,3.293,14,27,1,27,1,0,0,1,1,28539
2025-09-25 18:15:32,1345,1295,1,0,0,0,0,0,0,1,1,True,0,52.6,0.0,64.0,3.311,11,3.293,14,27,1,27,1,0,0,1,1,28539
2025-09-25 18:15:32,1345,1295,1,0,0,0,0,0,0,1,1,True,0,52.6,0.0,64.0,3.311,11,3.293,14,27,1,27,1,0,0,1,1,28539
2025-09-25 18:15:32,1345,1295,1,0,0,0,0,0,0,1,1,True,0,52.6,0.0,64.0,3.311,11,3.293,14,27,1,27,1,0,0,1,1,28539
2025-09-25 18:15:32,1345,1295,1,0,0,0,0,0,0,1,1,True,0,52.6,0.0,64.0,3.311,11,3.293,14,27,1,27,1,0,0,1,1,28539
2025-09-25 18:15:33,1345,1295,1,0,0,0,0,0,0,1,1,True,0,52.6,0.0,64.0,3.311,11,3.293,14,27,1,27,1,0,0,1,1,28539
2025-09-25 18:15:33,1345,1295,1,0,0,0,0,0,0,1,1,True,0,52.6,0.0,64.0,3.311,11,3.293,14,27,1,27,1,0,0,1,1,28539
2025-09-25 18:15:33,1345,1295,1,0,0,0,0,0,0,1,1,True,0,52.6,0.0,64.0,3.311,11,3.293,14,27,1,27,1,0,0,1,1,28539
2025-09-25 18:15:33,1345,1295,1,0,0,0,0,0,0,1,1,True,0,52.6,0.0,64.0,3.294,16,3.289,9,27,1,27,1,0,0,1,1,28539
2025-09-25 18:15:33,1345,1295,1,0,0,0,0,0,0,1,1,True,0,52.6,0.0,64.0,3.294,16,3.289,9,27,1,27,1,0,0,1,1,28539
2025-09-25 18:15:34,1345,1295,1,0,0,0,0,0,0,1,1,True,0,52.6,0.0,64.0,3.294,16,3.289,9,27,1,27,1,0,0,1,1,28539
2025-09-25 18:15:34,1345,1295,1,0,0,0,0,0,0,1,1,True,0,52.6,0.0,64.0,3.294,16,3.289,9,27,1,27,1,0,0,1,1,28539
2025-09-25 18:15:34,1345,1295,1,0,0,0,0,0,0,1,1,True,0,52.6,0.0,64.0,3.294,16,3.289,9,27,1,27,1,0,0,1,1,28539
2025-09-25 18:15:34,1345,1295,1,0,0,0,0,0,0,1,1,True,0,52.6,0.0,64.0,3.294,16,3.289,9,27,1,27,1,0,0,1,1,28539
2025-09-25 18:15:34,1345,1295,1,0,0,0,0,0,0,1,1,True,0,52.6,0.0,64.0,3.294,16,3.289,9,27,1,27,1,0,0,1,1,28539
2025-09-25 18:15:35,1345,1295,1,0,0,0,0,0,0,1,1,True,0,52.6,0.0,64.0,3.294,16,3.289,9,27,1,27,1,0,0,1,1,28539
2025-09-25 18:15:35,1345,1295,1,0,0,0,0,0,0,1,1,True,0,52.6,0.0,64.0,3.294,16,3.289,9,27,1,27,1,0,0,1,1,28539
2025-09-25 18:15:35,1345,1295,1,0,0,0,0,0,0,1,1,True,0,52.6,0.0,64.0,3.294,16,3.289,9,27,1,27,1,0,0,1,1,28539
2025-09-25 18:15:35,1345,1295,1,0,0,0,0,0,0,1,1,True,0,52.6,0.0,64.0,3.294,16,3.289,9,27,1,27,1,0,0,1,1,28539
2025-09-25 18:15:35,1345,1295,1,0,0,0,0,0,0,1,1,True,0,52.6,0.0,64.0,3.294,16,3.289,9,27,1,27,1,0,0,1,1,28539
2025-09-25 18:15:36,1345,1295,1,0,0,0,0,0,0,1,1,True,0,52.6,0.0,64.0,3.294,16,3.289,9,27,1,27,1,0,0,1,1,28539
2025-09-25 18:15:36,1345,1295,1,0,0,0,0,0,0,1,1,True,0,52.6,0.0,64.0,3.294,16,3.289,9,27,1,27,1,0,0,1,1,28539
2025-09-25 18:15:41,0,0,1,0,0,0,0,0,0,1,1,True,0,52.6,-0.7000000000000001,63.5,3.291,4,3.287,9,24,2,23,1,2,1,1,1,28286
2025-09-25 18:15:41,0,0,1,0,0,0,0,0,0,1,1,True,0,52.6,-0.7000000000000001,63.5,3.291,4,3.287,9,24,2,23,1,2,1,1,1,28286
2025-09-25 18:15:42,0,0,1,0,0,0,0,0,0,1,1,True,0,52.6,-0.7000000000000001,63.5,3.291,4,3.287,9,24,2,23,1,2,1,1,1,28286
2025-09-25 18:15:42,0,0,1,0,0,0,0,0,0,1,1,True,0,52.6,-0.7000000000000001,63.5,3.291,4,3.287,9,24,2,23,1,2,1,1,1,28286
2025-09-25 18:15:42,0,0,1,0,0,0,0,0,0,1,1,True,0,52.6,-0.7000000000000001,63.5,3.291,4,3.287,9,24,2,23,1,2,1,1,1,28286
2025-09-25 18:15:42,0,0,1,0,0,0,0,0,0,1,1,True,0,52.6,-0.7000000000000001,63.5,3.291,4,3.287,9,24,2,23,1,2,1,1,1,28286
2025-09-25 18:15:42,0,0,1,0,0,0,0,0,0,1,1,True,0,52.6,-0.7000000000000001,63.5,3.291,4,3.287,9,24,2,23,1,2,1,1,1,28286
2025-09-25 18:15:43,0,0,1,0,0,0,0,0,0,1,1,True,0,52.6,-0.7000000000000001,63.5,3.291,4,3.287,9,24,2,23,1,2,1,1,1,28286
2025-09-25 18:15:43,0,0,1,0,0,0,0,0,0,1,1,True,0,52.6,-0.7000000000000001,63.5,3.291,4,3.287,9,24,2,23,1,2,1,1,1,28286
2025-09-25 18:15:43,0,0,1,0,0,0,0,0,0,1,1,True,0,52.6,-0.7000000000000001,63.5,3.291,4,3.287,9,24,2,23,1,2,1,1,1,28286
2025-09-25 18:15:43,0,0,1,0,0,0,0,0,0,1,1,True,0,52.6,-0.7000000000000001,63.5,3.291,4,3.287,9,24,2,23,1,2,1,1,1,28286
2025-09-25 18:15:43,0,0,1,0,0,0,0,0,0,1,1,True,0,52.6,-0.7000000000000001,63.5,3.29,16,3.287,7,24,2,23,1,2,1,1,1,28286
2025-09-25 18:15:44,0,0,1,0,0,0,0,0,0,1,1,True,0,52.6,-0.7000000000000001,63.5,3.29,16,3.287,7,24,2,23,1,2,1,1,1,28286
2025-09-25 18:15:44,0,0,1,0,0,0,0,0,0,1,1,True,0,52.6,-0.7000000000000001,63.5,3.29,16,3.287,7,24,2,23,1,2,1,1,1,28286
2025-09-25 18:15:44,0,0,1,0,0,0,0,0,0,1,1,True,0,52.6,-0.7000000000000001,63.5,3.29,16,3.287,7,24,2,23,1,2,1,1,1,28286
2025-09-25 18:15:44,0,0,1,0,0,0,0,0,0,1,1,True,0,52.6,-0.7000000000000001,63.5,3.29,16,3.287,7,24,2,23,1,2,1,1,1,28286
2025-09-25 18:15:44,0,0,1,0,0,0,0,0,0,1,1,True,0,52.6,-0.7000000000000001,63.5,3.29,16,3.287,7,24,2,23,1,2,1,1,1,28286
2025-09-25 18:15:45,0,0,1,0,0,0,0,0,0,1,1,True,0,52.6,-0.7000000000000001,63.5,3.29,16,3.287,7,24,2,23,1,2,1,1,1,28286
2025-09-25 18:15:45,0,0,1,0,0,0,0,0,0,1,1,True,0,52.6,-0.7000000000000001,63.5,3.29,16,3.287,7,24,2,23,1,2,1,1,1,28286
2025-09-25 18:15:45,0,0,1,0,0,0,0,0,0,1,1,True,0,52.6,-0.7000000000000001,63.5,3.29,16,3.287,7,24,2,23,1,2,1,1,1,28286
2025-09-25 18:15:45,0,0,1,0,0,0,0,0,0,1,1,True,0,52.6,-0.7000000000000001,63.5,3.29,16,3.287,7,24,2,23,1,2,1,1,1,28286
2025-09-25 18:15:45,0,0,1,0,0,0,0,0,0,1,1,True,0,52.6,-0.7000000000000001,63.5,3.29,16,3.287,7,24,2,23,1,2,1,1,1,28286
2025-09-25 18:15:46,0,0,1,0,0,0,0,0,0,1,1,True,0,52.6,-0.7000000000000001,63.5,3.29,16,3.287,7,24,2,23,1,2,1,1,1,28286
2025-09-25 18:15:46,0,0,1,0,0,0,0,0,0,1,1,True,0,52.6,-0.7000000000000001,63.5,3.29,16,3.287,7,24,2,23,1,2,1,1,1,28286
2025-09-25 18:15:46,0,0,1,0,0,0,0,0,0,1,1,True,0,52.6,-0.7000000000000001,63.5,3.29,16,3.287,7,24,2,23,1,2,1,1,1,28286
2025-09-25 18:15:46,0,0,1,0,0,0,0,0,0,1,1,True,0,52.6,-0.7000000000000001,63.5,3.29,16,3.287,7,24,2,23,1,2,1,1,1,28286
2025-09-25 18:15:46,0,0,1,0,0,0,0,0,0,1,1,True,0,52.6,-0.7000000000000001,63.5,3.29,16,3.287,7,24,2,23,1,2,1,1,1,28286
2025-09-25 18:15:47,0,0,1,0,0,0,0,0,0,1,1,True,0,52.6,-0.7000000000000001,63.5,3.29,16,3.287,7,24,2,23,1,2,1,1,1,28286
2025-09-25 18:15:47,0,0,1,0,0,0,0,0,0,1,1,True,0,52.6,-0.7000000000000001,63.5,3.29,16,3.287,7,24,2,23,1,2,1,1,1,28286
2025-09-25 18:15:47,0,0,1,0,0,0,0,0,0,1,1,True,0,52.6,-0.7000000000000001,63.5,3.29,16,3.287,7,24,2,23,1,2,1,1,1,28286
2025-09-25 18:15:47,0,0,1,0,0,0,0,0,0,1,1,True,0,52.6,-0.7000000000000001,63.5,3.29,16,3.287,7,24,2,23,1,2,1,1,1,28286
2025-09-25 18:15:47,0,0,1,0,0,0,0,0,0,1,1,True,0,52.6,-0.7000000000000001,63.5,3.29,16,3.287,7,24,2,23,1,2,1,1,1,28286
2025-09-25 18:15:48,0,0,1,0,0,0,0,0,0,1,1,True,0,52.6,-0.7000000000000001,63.5,3.29,16,3.287,7,24,2,23,1,2,1,1,1,28286
2025-09-25 18:15:48,0,0,1,0,0,0,0,0,0,1,1,True,0,52.6,-0.7000000000000001,63.5,3.29,16,3.287,9,24,2,23,1,2,1,1,1,28286
2025-09-25 18:15:48,0,0,1,0,0,0,0,0,0,1,1,True,0,52.6,-0.7000000000000001,63.5,3.29,16,3.287,9,24,2,23,1,2,1,1,1,28286
2025-09-25 18:15:48,0,0,1,0,0,0,0,0,0,1,1,True,0,52.6,-0.7000000000000001,63.5,3.29,16,3.287,9,24,2,23,1,2,1,1,1,28286
2025-09-25 18:15:48,0,0,1,0,0,0,0,0,0,1,1,True,0,52.6,-0.7000000000000001,63.5,3.29,16,3.287,9,24,2,23,1,2,1,1,1,28286
2025-09-25 18:15:49,0,0,1,0,0,0,0,0,0,1,1,True,0,52.6,-0.7000000000000001,63.5,3.29,16,3.287,9,24,2,23,1,2,1,1,1,28286
2025-09-25 18:15:49,0,0,1,0,0,0,0,0,0,1,1,True,0,52.6,-0.7000000000000001,63.5,3.29,16,3.287,9,24,2,23,1,2,1,1,1,28286
2025-09-25 18:15:49,0,0,1,0,0,0,0,0,0,1,1,True,0,52.6,-0.7000000000000001,63.5,3.29,16,3.287,9,24,2,23,1,2,1,1,1,28286
2025-09-25 18:15:49,0,0,1,0,0,0,0,0,0,1,1,True,0,52.6,-0.7000000000000001,63.5,3.29,16,3.287,9,24,2,23,1,2,1,1,1,28286
2025-09-25 18:15:49,0,0,1,0,0,0,0,0,0,1,1,True,0,52.6,-0.7000000000000001,63.5,3.29,16,3.287,9,24,2,23,1,2,1,1,1,28286
2025-09-25 18:15:50,0,0,1,0,0,0,0,0,0,1,1,True,0,52.6,-0.7000000000000001,63.5,3.291,16,3.287,7,24,2,23,1,2,1,1,1,28286
2025-09-25 18:15:50,0,0,1,0,0,0,0,0,0,1,1,True,0,52.6,-0.7000000000000001,63.5,3.291,16,3.287,7,24,2,23,1,2,1,1,1,28286
2025-09-25 18:15:50,0,0,1,0,0,0,0,0,0,1,1,True,0,52.6,-0.7000000000000001,63.5,3.291,16,3.287,7,24,2,23,1,2,1,1,1,28286
2025-09-25 18:15:50,0,0,1,0,0,0,0,0,0,1,1,True,0,52.6,-0.7000000000000001,63.5,3.291,16,3.287,7,24,2,23,1,2,1,1,1,28285
2025-09-25 18:15:50,0,0,1,0,0,0,0,0,0,1,1,True,0,52.6,-0.7000000000000001,63.5,3.291,16,3.287,7,24,2,23,1,2,1,1,1,28285
